Brand,Category,Colour,Main Image,Product Name,Product Link,Current Price,Original Price
Alie Street,Dresses,Green,https://www.aliestreet.com/v3-img/products_v5/category/ASPANPG_cat6.jpg,"Annie Dress Short Petite

",https://www.aliestreet.com/uk/occasionwear/item/ASPANPG/Annie-Dress-Short-Petite-(Pine-Green).html,£129.00,
Alie Street,Dresses,Pink,https://www.aliestreet.com/v3-img/products_v5/category/ASPSOMPPF_cat3.jpg,"Sophia Maxi Dress Petite

",https://www.aliestreet.com/uk/occasionwear/item/ASPSOMPPF/Sophia-Maxi-Dress-Petite-(Petal-Pink-Floral).html,£159.00,
Alie Street,Dresses,Green,https://www.aliestreet.com/v3-img/products_v5/category/ASPSSOMPG_cat3.jpg,"Sophia Maxi Dress Petite

",https://www.aliestreet.com/uk/occasionwear/item/ASPSSOMPG/Sophia-Maxi-Dress-Petite-(Paradise-Green).html,£159.00,
Alie Street,Dresses,Pink,https://www.aliestreet.com/v3-img/products_v5/category/ASPPSDFF_cat3.jpg,"Pippa Shift Dress Petite

",https://www.aliestreet.com/uk/occasionwear/item/ASPPSDFF/Pippa-Shift-Dress-Petite-(Fuchsia-Florals).html,£129.00,
Alie Street,Dresses,Pink,https://www.aliestreet.com/v3-img/products_v5/category/ASPSOMDFF_cat3.jpg,"Sophia Maxi Dress Petite

",https://www.aliestreet.com/uk/occasionwear/item/ASPSOMDFF/Sophia-Maxi-Dress-Petite-(Fuchsia-Florals).html,£159.00,
Alie Street,Dresses,Blue,https://www.aliestreet.com/v3-img/products_v5/category/ASPWATN_cat3.jpg,"Waterfall Dress Petite
",https://www.aliestreet.com/uk/occasionwear/item/ASPWATN/Waterfall-Dress-Petite-(Navy).html,£149.00,
Alie Street,Dresses,Blue,https://www.aliestreet.com/v3-img/products_v5/category/ASPANEB_cat3.jpg,"Annie Dress Short Petite
",https://www.aliestreet.com/uk/occasionwear/item/ASPANEB/Annie-Dress-Short-Petite-(Eclipse-Blue).html,£129.00,
